Workbook

Sheet Galaxies
A1: Galaxy research population
A2: 182 galaxies; latest categorical review; ICRS sky coordinates of adopted image centres
A4: Galaxy | B4: Centre RA (deg) | C4: Centre Dec (deg) | D4: RA (hh:mm:ss) | E4: Dec (dd:mm:ss) | F4: Hemisphere | G4: Fornax separation (deg)
A5: NGC1436 | B5: 55.904507 | C5: -35.85304 | D5: 03:43:37.08 | E5: -35:51:10.94 | F5: =IF(C5>0,"North",IF(C5<0,"South","Equator")) -> South | G5: =DEGREES(ACOS(MAX(-1,MIN(1,SIN(RADIANS(C5))*SIN(RADIANS('Sources and method'!$B$5))+COS(RADIANS(C5))*COS(RADIANS('Sources and method'!$B$5))*COS(RADIANS(B5-'Sources and method'!$B$4)))))) -> 1.1176961
A6: NGC1350 | B6: 52.783559 | C6: -33.628344 | D6: 03:31:08.05 | E6: -33:37:42.04 | F6: =IF(C6>0,"North",IF(C6<0,"South","Equator")) -> South | G6: =DEGREES(ACOS(MAX(-1,MIN(1,SIN(RADIANS(C6))*SIN(RADIANS('Sources and method'!$B$5))+COS(RADIANS(C6))*COS(RADIANS('Sources and method'!$B$5))*COS(RADIANS(B6-'Sources and method'!$B$4)))))) -> 2.3689507
A7: NGC1341 | B7: 51.993339 | C7: -37.150203 | D7: 03:27:58.40 | E7: -37:09:00.73 | F7: =IF(C7>0,"North",IF(C7<0,"South","Equator")) -> South | G7: =DEGREES(ACOS(MAX(-1,MIN(1,SIN(RADIANS(C7))*SIN(RADIANS('Sources and method'!$B$5))+COS(RADIANS(C7))*COS(RADIANS('Sources and method'!$B$5))*COS(RADIANS(B7-'Sources and method'!$B$4)))))) -> 2.7151924
A8: NGC1326A | B8: 51.28582 | C8: -36.363837 | D8: 03:25:08.60 | E8: -36:21:49.81 | F8: =IF(C8>0,"North",IF(C8<0,"South","Equator")) -> South | G8: =DEGREES(ACOS(MAX(-1,MIN(1,SIN(RADIANS(C8))*SIN(RADIANS('Sources and method'!$B$5))+COS(RADIANS(C8))*COS(RADIANS('Sources and method'!$B$5))*COS(RADIANS(B8-'Sources and method'!$B$4)))))) -> 2.8514748
A9: ESO358-020 | B9: 53.738991 | C9: -32.639547 | D9: 03:34:57.36 | E9: -32:38:22.37 | F9: =IF(C9>0,"North",IF(C9<0,"South","Equator")) -> South | G9: =DEGREES(ACOS(MAX(-1,MIN(1,SIN(RADIANS(C9))*SIN(RADIANS('Sources and method'!$B$5))+COS(RADIANS(C9))*COS(RADIANS('Sources and method'!$B$5))*COS(RADIANS(B9-'Sources and method'!$B$4)))))) -> 2.9046324
A10: ESO357-012 | B10: 49.222493 | C10: -35.541336 | D10: 03:16:53.40 | E10: -35:32:28.81 | F10: =IF(C10>0,"North",IF(C10<0,"South","Equator")) -> South | G10: =DEGREES(ACOS(MAX(-1,MIN(1,SIN(RADIANS(C10))*SIN(RADIANS('Sources and method'!$B$5))+COS(RADIANS(C10))*COS(RADIANS('Sources and method'!$B$5))*COS(RADIANS(B10-'Sources and method'!$B$4)))))) -> 4.395755
A11: NGC1291 | B11: 49.327306 | C11: -41.107963 | D11: 03:17:18.55 | E11: -41:06:28.67 | F11: =IF(C11>0,"North",IF(C11<0,"South","Equator")) -> South | G11: =DEGREES(ACOS(MAX(-1,MIN(1,SIN(RADIANS(C11))*SIN(RADIANS('Sources and method'!$B$5))+COS(RADIANS(C11))*COS(RADIANS('Sources and method'!$B$5))*COS(RADIANS(B11-'Sources and method'!$B$4)))))) -> 7.0163321
A12: ESO359-031 | B12: 63.291506 | C12: -34.425761 | D12: 04:13:09.96 | E12: -34:25:32.74 | F12: =IF(C12>0,"North",IF(C12<0,"South","Equator")) -> South | G12: =DEGREES(ACOS(MAX(-1,MIN(1,SIN(RADIANS(C12))*SIN(RADIANS('Sources and method'!$B$5))+COS(RADIANS(C12))*COS(RADIANS('Sources and method'!$B$5))*COS(RADIANS(B12-'Sources and method'!$B$4)))))) -> 7.1787601
A13: ESO420-009 | B13: 62.752759 | C13: -31.407427 | D13: 04:11:00.66 | E13: -31:24:26.74 | F13: =IF(C13>0,"North",IF(C13<0,"South","Equator")) -> South | G13: =DEGREES(ACOS(MAX(-1,MIN(1,SIN(RADIANS(C13))*SIN(RADIANS('Sources and method'!$B$5))+COS(RADIANS(C13))*COS(RADIANS('Sources and method'!$B$5))*COS(RADIANS(B13-'Sources and method'!$B$4)))))) -> 7.8952803
A14: IC2007 | B14: 58.845255 | C14: -28.157766 | D14: 03:55:22.86 | E14: -28:09:27.96 | F14: =IF(C14>0,"North",IF(C14<0,"South","Equator")) -> South | G14: =DEGREES(ACOS(MAX(-1,MIN(1,SIN(RADIANS(C14))*SIN(RADIANS('Sources and method'!$B$5))+COS(RADIANS(C14))*COS(RADIANS('Sources and method'!$B$5))*COS(RADIANS(B14-'Sources and method'!$B$4)))))) -> 8.1262142
A15: NGC1512 | B15: 60.975574 | C15: -43.348724 | D15: 04:03:54.14 | E15: -43:20:55.41 | F15: =IF(C15>0,"North",IF(C15<0,"South","Equator")) -> South | G15: =DEGREES(ACOS(MAX(-1,MIN(1,SIN(RADIANS(C15))*SIN(RADIANS('Sources and method'!$B$5))+COS(RADIANS(C15))*COS(RADIANS('Sources and method'!$B$5))*COS(RADIANS(B15-'Sources and method'!$B$4)))))) -> 9.2931887
A16: NGC1302 | B16: 49.963331 | C16: -26.060533 | D16: 03:19:51.20 | E16: -26:03:37.92 | F16: =IF(C16>0,"North",IF(C16<0,"South","Equator")) -> South | G16: =DEGREES(ACOS(MAX(-1,MIN(1,SIN(RADIANS(C16))*SIN(RADIANS('Sources and method'!$B$5))+COS(RADIANS(C16))*COS(RADIANS('Sources and method'!$B$5))*COS(RADIANS(B16-'Sources and method'!$B$4)))))) -> 10.204001
... A186: UGC08851 | B186: 208.90976 | C186: 39.715861 | D186: 13:55:38.34 | E186: +39:42:57.10 | F186: =IF(C186>0,"North",IF(C186<0,"South","Equator")) -> North | G186: =DEGREES(ACOS(MAX(-1,MIN(1,SIN(RADIANS(C186))*SIN(RADIANS('Sources and method'!$B$5))+COS(RADIANS(C186))*COS(RADIANS('Sources and method'!$B$5))*COS(RADIANS(B186-'Sources and method'!$B$4)))))) -> 159.25875

Sheet Sources and method
A1: Sources and method
A3: Reference | B3: Value | C3: Source URL
A4: Fornax centre RA (deg) | B4: 54.621179 | C4: https://simbad.cds.unistra.fr/simbad/sim-id?Ident=NGC+1399
A5: Fornax centre Dec (deg) | B5: -35.450742 | C5: https://simbad.cds.unistra.fr/simbad/sim-id?Ident=NGC+1399
A6: Adopted Fornax centre | B6: NGC 1399 | C6: https://almascience.eso.org/alma-data/science-verification/sv-noticeboard-subpages/science-verification-fornax-cluster
A8: Item | B8: Definition
A9: Population | B9: All 182 unique galaxies in s4g_image_geometry_manifest.csv, the default manifest used by the interactive tool.
A10: Status | B10: Latest dated categorical decision for each galaxy across catalogue and blind reviews. Severity scores are independent and are not converted into categorical labels.
A11: Unreviewed | B11: No categorical decision found. Missing decisions are not treated as Clean.
A12: Centre coordinates | B12: Adopted centre_x_pix / centre_y_pix from the manifest, in 1-based FITS pixels, transformed using each original FITS header: CD matrix, forward SIP terms where present, and inverse TAN projection.
A13: Coordinate frame | B13: ICRS; FITS headers record EQUINOX 2000. RA and Dec are decimal degrees, with sexagesimal copies for readability.
A14: Hemisphere | B14: North when declination > 0; South when declination < 0; Equator when declination = 0. This is celestial hemisphere.
A15: Fornax separation | B15: Great-circle angular separation from NGC 1399, not a projected physical distance or a cluster-membership determination.
A16: Fornax reference position | B16: 03:38:29.083, -35:27:02.67 (ICRS), from SIMBAD. Reference degrees above are editable and separation formulas update.
A17: Interactive-tool status | B17: The tool reads only candidate_union_rereview_decisions.csv. This column preserves that display label; Status also includes later/other recorded categorical reviews.
A18: Review timestamp | B18: Recorded source timestamp, retained as text to preserve the original local time; source files do not specify a timezone.
A19: Workbook date | B19: 2026-10-11
... A25: blind_remaining_decisions.csv | B25: Blind review of remaining galaxies, used when not superseded
